,0
ackley,ˈækli
ackworth,"ˈækwɜːθ
"
adair,ɐdˈɛ͡ɹ
adel,ɐdˈɛl
afton,ˈæftən
agency,"ˈe͡ɪd͡ʒənsi
"
ainsworth,ˈe͡ɪnswɜːθ
akron,"ˈækɹɑːn
"
albert city,"ˈælbɚt sˈɪɾi
"
albia,"ˈælbiə
"
albion,"ˈælbɪən
"
alburnett,"ˈælbɜːnɪt
"
alden,ˈɔːldən
alexander,ˌælɪɡzˈændɚ
algona,"ælɡˈo͡ʊnə
"
alleman,ɐlˈɛmən
allendorf,"ɐlˈɛndoː͡ɹf
"
allerton,"ˈælɚtən
"
allison,ˈælɪsən
alpha,ˈælfə
alta,ˈɔːltə
alta vista,"ˈɔːltə vˈɪstə
"
alton,ˈæltən
altoona,"æltˈuːnə
"
alvord,ˈælvoː͡ɹd
amana,æmˈɑːnə
ames,ˈe͡ɪmz
anamosa,"ˌænɐmˈo͡ʊsə
"
andover,"ˈændo͡ʊvɚ
"
andrew,ˈændɹuː
anita,ɐnˈiːɾə
ankeny,ˈæŋkɛni
anthon,ˈænθɑːn
aplington,"ɐplˈɪŋtən
"
arcadia,"ɑː͡ɹkˈe͡ɪdi͡ə
"
archer,ˈɑː͡ɹt͡ʃɚ
aredale,"ˈæɹɪdˌe͡ɪl
"
argyle,"ɑː͡ɹɡˈa͡ɪl
"
arion,ˈæɹi͡ən
arispe,ˈæɹɪsp
arlington,ˈɑː͡ɹlɪŋtən
armstrong,ˈɑː͡ɹmstɹɔŋ
arnolds park,"ˈɑː͡ɹnə͡ldz pˈɑː͡ɹk
"
arthur,ˈɑː͡ɹθɚ
asbury,ɐsbˈɛɹi
ashton,ˈæʃtən
aspinwall,"ˈæspɪnwˌɔːl
"
atalissa,"ˌæɾɐlˈɪsə
"
atkins,ˈætkɪnz
atlantic,"ɐtlˈæntɪk
"
auburn,"ˈɔːbɜːn
"
audubon,"ˈɔːdəbˌɑːn
"
aurelia,ˈɔːɹᵻlˌa͡ɪə
aurora,ɔːɹˈoːɹə
austinville,"ˈɔːstɪnvˌɪl
"
avoca,"ævˈo͡ʊkə
"
ayrshire,"ˈɛ͡ɹʃɚ
"
badger,bˈæd͡ʒɚ
bagley,bˈæɡli
baldwin,bˈɔːldwɪn
bancroft,bˈæŋkɹɔft
barnes city,"bˈɑː͡ɹnz sˈɪɾi
"
barnum,bˈɑː͡ɹnəm
bartlett,bˈɑː͡ɹtlɪt
bassett,bˈæsɪt
batavia,"bætˈe͡ɪvi͡ə
"
battle creek,"bˈæɾə͡l kɹˈiːk
"
baxter,bˈækstɚ
bayard,bˈe͡ɪɑː͡ɹd
beacon,"bˈiːkən
"
beaconsfield,"bˈiːkənsfˌiːld
"
beaman,bˈiːmən
beaver,bˈiːvɚ
bedford,bˈɛdfɚd
belle plaine,"bˈɛl plˈe͡ɪn
"
bellevue,"bˈɛlɪvjˌuː
"
belmond,bˈɛlmənd
bennett,bˈɛnɪt
benton,bˈɛntən
bernard,bɜːnˈɑː͡ɹd
berwick,bˈɛɹɪk
bettendorf,bˈɛtəndˌoː͡ɹf
bevington,bˈɛvɪŋtən
big rock,"bˈɪɡ ɹˈɑːk
"
bigelow,bˈɪd͡ʒɪlˌo͡ʊ
birmingham,bˈɜːmɪŋˌæm
blairsburg,"blˈɛ͡ɹsbɜːɡ
"
blairstown,"blˈɛ͡ɹsta͡ʊn
"
blakesburg,"blˈe͡ɪksbɜːɡ
"
blanchard,blˈænt͡ʃɚd
blencoe,"blˈɛŋko͡ʊ
"
blockton,"blˈɑːktən
"
bloomfield,blˈuːmfiːld
blue grass,"blˈuː ɡɹˈæs
"
bode,bˈo͡ʊd
bonaparte,"bˈɑːnɐpˌɑː͡ɹt
"
bondurant,bˈɑːnd͡ʒuːɹənt
boone,bˈuːn
booneville,"bˈuːnvɪl
"
bouton,bˈa͡ʊtən
boxholm,"bˈɑːksho͡ʊm
"
boyden,bˈɔ͡ɪdən
braddyville,"bɹˈædɪvˌɪl
"
bradford,bɹˈædfɚd
bradgate,"bɹˈædɡe͡ɪt
"
brandon,bɹˈændən
brayton,bɹˈe͡ɪtən
breda,bɹˈɛdə
bridgewater,bɹˈɪd͡ʒwɔːɾɚ
brighton,bɹˈa͡ɪtən
bristow,bɹˈɪsto͡ʊ
britt,bɹˈɪt
bronson,bɹˈɑːnsən
brooklyn,bɹˈʊklɪn
brunsville,"bɹˈʌnzvɪl
"
bryant,bɹˈa͡ɪənt
buckeye,"bˈʌka͡ɪ
"
buckingham,bˈʌkɪŋˌæm
buffalo,"bˈʌfəlˌo͡ʊ
"
buffalo center,"bˈʌfəlˌo͡ʊ sˈɛntɚ
"
burlington,"bˈɜːlɪŋtən
"
burnside,bˈɜːnsa͡ɪd
burt,bˈɜːt
bussey,bˈʌsi
calamus,"kˈælæməs
"
callender,kˈælɛndɚ
calmar,"kˈɑːmɚ
"
calumet,kˈæluːmɪt
camanche,"kˈæmænt͡ʃ
"
cambridge,kˈe͡ɪmbɹɪd͡ʒ
cantril,"kˈæntɹə͡l
"
carbon,"kˈɑː͡ɹbən
"
carlisle,kˈɑː͡ɹla͡ɪə͡l
carpenter,kˈɑː͡ɹpəntɚ
carroll,kˈæɹo͡ʊl
carson,kˈɑː͡ɹsən
carter lake,"kˈɑː͡ɹɾɚ lˈe͡ɪk
"
cascade,"kɐskˈe͡ɪd
"
casey,kˈe͡ɪsi
castalia,"kæstˈe͡ɪli͡ə
"
castana,"kæstˈɑːnə
"
cedar,sˈiːdɚ
cedar falls,"sˈiːdɚ fˈɔːlz
"
cedar rapids,"sˈiːdɚ ɹˈæpɪdz
"
center junction,"sˈɛntɚ d͡ʒˈʌŋkʃən
"
center point,"sˈɛntɚ pˈɔ͡ɪnt
"
centerville,"sˈɛntɚvˌɪl
"
central city,"sˈɛntɹə͡l sˈɪɾi
"
chapin,t͡ʃˈæpɪn
chariton,"t͡ʃˈæɹɪtən
"
charles city,"t͡ʃˈɑː͡ɹlz sˈɪɾi
"
charlotte,ʃˈɑː͡ɹlət
charter oak,"t͡ʃˈɑː͡ɹɾɚɹ ˈo͡ʊk
"
chatsworth,"t͡ʃˈætswɜːθ
"
chelsea,t͡ʃˈɛlsiː
cherokee,t͡ʃˈɛɹo͡ʊkˌiː
chester,t͡ʃˈɛstɚ
chillicothe,"t͡ʃˈɪlɪkˌɑːð
"
churdan,"t͡ʃˈɜːdən
"
cincinnati,"sˌɪnsɪnˈæɾi
"
city,"sˈɪɾi
"
clare,klˈɛ͡ɹ
clarence,klˈæɹəns
clarinda,klæɹˈɪndə
clarion,klˈæɹi͡ən
clarksville,"klˈɑː͡ɹkzvɪl
"
clayton,klˈe͡ɪtən
clear lake,"klˈɪ͡ɹ lˈe͡ɪk
"
clearfield,"klˈɪ͡ɹfiːld
"
cleghorn,klˈɛɡhɔː͡ɹn
clemons,klˈɛmənz
clermont,"klˈɜːmɔnt
"
climbing hill,"klˈa͡ɪmɪŋ hˈɪl
"
clinton,klˈɪntən
clio,klˈiːo͡ʊ
clive,klˈa͡ɪv
clutier,"kljˈuːɾiɚ
"
coatsville,"kˈo͡ʊtzvɪl
"
coggon,"kˈɑːɡən
"
coin,"kˈɔ͡ɪn
"
colesburg,"kˈo͡ʊlzbɜːɡ
"
colfax,"kˈɑːlfæks
"
college springs,"kˈɑːlɪd͡ʒ spɹˈɪŋz
"
collins,kˈɑːlᵻnz
colo,"kˈo͡ʊlo͡ʊ
"
columbia,kəlˈʌmbi͡ə
columbus city,"kəlˈʌmbəs sˈɪɾi
"
columbus jct,"kəlˈʌmbəs d͡ʒˌe͡ɪsˌiːtˈiː
"
columbus junction,"kəlˈʌmbəs d͡ʒˈʌŋkʃən
"
colwell,kˈɑːlwɛl
conesville,"kˈo͡ʊnzvɪl
"
conrad,kˈɑːnɹæd
conroy,kənɹˈɔ͡ɪ
coon rapids,"kˈuːn ɹˈæpɪdz
"
cooper,kˈuːpɚ
coralville,"kˈɔːɹə͡lvˌɪl
"
corning,kˈɔː͡ɹnɪŋ
correctionville,"kɚɹˈɛkʃənvˌɪl
"
corwith,"kˈɔː͡ɹwɪθ
"
corydon,kˈɔːɹɪdən
coulter,kˈo͡ʊltɚ
council bluffs,"kˈa͡ʊnsə͡l blˈʌfs
"
crawfordsville,"kɹˈɔːfɚdzvˌɪl
"
crescent,"kɹˈɛsənt
"
cresco,kɹˈɛsko͡ʊ
creston,kɹˈɛstən
cromwell,kɹˈɑːmwɛl
crystal lake,"kɹˈɪstə͡l lˈe͡ɪk
"
cumberland,kˈʌmbɚlənd
cumming,kˈʌmɪŋ
curlew,"kˈɜːluː
"
cushing,kˈʊʃɪŋ
cylinder,"sˈɪlɪndɚ
"
dakota city,"dɐkˈo͡ʊɾə sˈɪɾi
"
dallas center,"dˈæləs sˈɛntɚ
"
dana,dˈe͡ɪnə
danbury,"dˈænbɛɹi
"
danville,"dˈænvɪl
"
davenport,dˈævənpˌoː͡ɹt
davis city,"dˈe͡ɪvɪs sˈɪɾi
"
dawson,dˈɔːsən
dayton,dˈe͡ɪtən
de soto,də sˈo͡ʊɾo͡ʊ
decatur,"dᵻkˈe͡ɪɾɚ
"
decorah,"dˈɛkoːɹə
"
dedham,"dˈɛdæm
"
deep river,"dˈiːp ɹˈɪvɚ
"
defiance,"dᵻfˈa͡ɪ͡əns
"
delaware,dˈɛlɐwˌɛ͡ɹ
delhi,"dˈɛli
"
delmar,dˈɛlmɚ
deloit,"dᵻlˈɔ͡ɪt
"
delphos,"dˈɛlfo͡ʊz
"
delta,dˈɛltə
denison,dˈɛnɪsən
denmark,dˈɛnmɑː͡ɹk
denver,dˈɛnvɚ
derby,dˈɜːbi
des moines,"dəmˈɔ͡ɪn
"
desoto,"dᵻsˈo͡ʊɾo͡ʊ
"
dewar,dˈuːɔː͡ɹ
dewitt,dˈuːɪt
dexter,dˈɛkstɚ
diagonal,"da͡ɪˈæɡənə͡l
"
dickens,dˈɪkənz
dike,dˈa͡ɪk
dixon,dˈɪksən
dolliver,dˈɑːlɪvɚ
donahue,dˈɑːnɐhjˌuː
donnan,dˈɑːnən
donnellson,"dˈɑːnɛlsən
"
doon,"dˈuːn
"
dorchester,"dˈoː͡ɹt͡ʃɛstɚ
"
douds,"dˈa͡ʊdz
"
dougherty,dˈo͡ʊɚɾi
dow city,"dˈa͡ʊ sˈɪɾi
"
dows,"dˈa͡ʊz
"
drakesville,"dɹˈe͡ɪkzvɪl
"
dubuque,"dˈuːbjuːk
"
dumont,dˈuːmɔnt
duncombe,dˈʌŋkuːm
dundee,"dˈʌndiː
"
dunkerton,dˈʌŋkɚtən
dunlap,dˈʌnlæp
durango,"dʊ͡ɹɹˈæŋɡo͡ʊ
"
durant,dˈʊ͡ɹɹənt
dyersville,"dˈa͡ɪɚzvˌɪl
"
dysart,dˈa͡ɪsɑː͡ɹt
eagle grove,"ˈiːɡə͡l ɡɹˈo͡ʊv
"
earlham,"ˈɜːlæm
"
earling,ˈɜːlɪŋ
earlville,"ˈɜːlvɪl
"
early,ˈɜːli
east amana,"ˈiːst æmˈɑːnə
"
eddyville,"ˈɛdɪvˌɪl
"
edgewood,"ˈɛd͡ʒwʊd
"
elberon,"ˈɛlbɚɹən
"
eldon,ˈɛldən
eldora,ˈɛldoːɹə
eldorado,"ˌɛldoːɹˈɑːdo͡ʊ
"
eldridge,ˈɛldɹɪd͡ʒ
elgin,ˈɛld͡ʒɪn
elk horn,"ˈɛlk hˈɔː͡ɹn
"
elk run heights,"ˈɛlk ɹˈʌn hˈa͡ɪts
"
elkader,"ˈɛlke͡ɪdɚ
"
elkhart,"ˈɛlkɑː͡ɹt
"
elkport,"ˈɛlkpoː͡ɹt
"
elliott,ˈɛlɪət
ellston,ˈɛlstən
ellsworth,ˈɛlswɜːθ
elma,ˈɛlmə
elwood,ˈɛlwʊd
ely,ˈiːli
emerson,ˈɛmɚsən
emmetsburg,"ˈɛmɪtsbˌɜːɡ
"
epworth,"ˈɛpwɜːθ
"
essex,ˈɛsɪks
estherville,"ˈɛstɚvˌɪl
"
evansdale,"ɪvˈænsde͡ɪl
"
everly,ˌɛvɚlˈa͡ɪ
exira,"ɛɡzˈi͡əɹə
"
exline,ɛkslˈa͡ɪn
fairbank,fˈɛ͡ɹbæŋk
fairfax,fˈɛ͡ɹfæks
fairfield,fˈɛ͡ɹfiːld
farley,fˈɑː͡ɹli
farmersburg,"fˈɑː͡ɹmɚzbˌɜːɡ
"
farmington,"fˈɑː͡ɹmɪŋtən
"
farnhamville,"fˈɑː͡ɹnɐmvˌɪl
"
farragut,"fˈæɹɐɡˌʌt
"
farson,"fˈɑː͡ɹsən
"
fayette,fe͡ɪˈɛt
fenton,fˈɛntən
ferguson,fˈɜːɡəsən
fertile,"fˈɜːɾə͡l
"
festina,"fɛstˈiːnə
"
floris,"flˈɔːɹɪs
"
floyd,flˈɔ͡ɪd
fonda,fˈɑːndə
fontanelle,"fˌɔnte͡ɪnˈɛl
"
forest city,"fˈɔːɹɪst sˈɪɾi
"
fort dodge,"fˈɔː͡ɹt dˈɑːd͡ʒ
"
fostoria,"fəstˈoːɹi͡ə
"
fredericksburg,"fɹˈɛdɚɹˌɪksbɜːɡ
"
frederika,"fɹˈɛdɚɹˌɪkə
"
fremont,fɹˈɛmɔnt
fruitland,"fɹˈuːtlənd
"
ft atkinson,"ˌɛftˈiː ˈætkɪnsən
"
ft dodge,"ˌɛftˈiː dˈɑːd͡ʒ
"
ft madison,"ˌɛftˈiː mˈædɪsən
"
ft riley,"ˌɛftˈiː ɹˈa͡ɪli
"
galt,ɡˈɔlt
galva,"ɡˈælvə
"
garber,ɡˈɑː͡ɹbɚ
garden city,"ɡˈɑː͡ɹdən sˈɪɾi
"
garden grove,"ɡˈɑː͡ɹdən ɡɹˈo͡ʊv
"
garnavillo,"ɡˌɑː͡ɹnɐvˈɪlo͡ʊ
"
garner,ɡˈɑː͡ɹnɚ
garrison,ɡˈæɹɪsən
garwin,"ɡˈɑː͡ɹwɪn
"
geneva,d͡ʒənˈiːvə
george,d͡ʒˈɔː͡ɹd͡ʒ
germantown,"d͡ʒˈɜːməntˌa͡ʊn
"
gibson,ɡˈɪbsən
gifford,d͡ʒˈɪfɚd
gilbert,ɡˈɪlbɚt
gilbertville,"ɡˈɪlbɚtvˌɪl
"
gillett grove,"d͡ʒˈɪlɪt ɡɹˈo͡ʊv
"
gilman,ɡˈɪlmən
gilmore city,"ɡˈɪlmoː͡ɹ sˈɪɾi
"
gladbrook,"ɡlˈædbɹʊk
"
glenwood,ɡlˈɛnwʊd
glidden,ɡlˈɪdən
goldfield,"ɡˈo͡ʊldfiːld
"
goodell,ɡˈʊdɛl
goose lake,"ɡˈuːs lˈe͡ɪk
"
gowrie,"ɡˈa͡ʊɹi
"
graettinger,"ɡɹˈiːɾɪŋɡɚ
"
grafton,ɡɹˈæftən
grand junction,"ɡɹˈænd d͡ʒˈʌŋkʃən
"
grand mound,"ɡɹˈænd mˈa͡ʊnd
"
grand river,"ɡɹˈænd ɹˈɪvɚ
"
grandview,"ɡɹˈændvjuː
"
granger,ɡɹˈe͡ɪnd͡ʒɚ
grant,ɡɹˈænt
granville,ɡɹˈænvɪl
gravity,"ɡɹˈævᵻɾi
"
gray,ɡɹˈe͡ɪ
greeley,ɡɹˈiːli
green mountain,"ɡɹˈiːn mˈa͡ʊntɪn
"
greene,ɡɹˈiːn
greenfield,ɡɹˈiːnfiːld
greenville,"ɡɹˈiːnvɪl
"
grimes,ɡɹˈa͡ɪmz
grinnell,ɡɹˈɪnə͡l
griswold,ɡɹˈɪswo͡ʊld
grundy center,"ɡɹˈʌndi sˈɛntɚ
"
gruver,ɡɹˈuːvɚ
guernsey,ɡˈɜːnsi
guthrie center,"ɡˈʌθɹi sˈɛntɚ
"
guttenberg,"ɡˈʌtənbˌɜːɡ
"
halbur,hˈælbɜː
hamburg,hˈæmbɜːɡ
hamilton,hˈæmə͡ltən
hamlin,hˈæmlɪn
hampton,hˈæmptən
hancock,hˈæŋkɑːk
hanlontown,"hˈænləntˌa͡ʊn
"
hansell,hˈænsɛl
harcourt,hˈɑː͡ɹkoː͡ɹt
hardy,hˈɑː͡ɹdi
harlan,hˈɑː͡ɹlən
harper,hˈɑː͡ɹpɚ
harpers ferry,"hˈɑː͡ɹpɚz fˈɛɹi
"
harris,hˈæɹɪs
hartford,hˈɑː͡ɹtfɚd
hartley,hˈɑː͡ɹtli
hartwick,hˈɑː͡ɹtwɪk
harvey,hˈɑː͡ɹvi
hastings,hˈe͡ɪstɪŋz
havelock,"hˈe͡ɪvlɑːk
"
haverhill,"hˈævɚhˌɪl
"
hawarden,"hˈæwɔː͡ɹdən
"
hawkeye,"hˈɔːka͡ɪ
"
hayesville,"hˈe͡ɪzvɪl
"
hazleton,"hˈæzə͡ltən
"
hedrick,hˈɛdɹɪk
henderson,hˈɛndɚsən
hepburn,hˈɛpbɜːn
hiawatha,hˈa͡ɪəwˌɑːthə
high amana,"hˈa͡ɪ æmˈɑːnə
"
hills,hˈɪlz
hillsboro,"hˈɪlsbɚɹˌo͡ʊ
"
hinton,hˈɪntən
holland,hˈɑːlənd
holstein,hˈɑːlsta͡ɪn
holy cross,"hˈo͡ʊli kɹˈɔs
"
homestead,"hˈo͡ʊmstɛd
"
honey creek,"hˈʌni kɹˈiːk
"
hopkinton,"hˈɑːpkɪntən
"
hornick,"hˈoː͡ɹnɪk
"
hospers,"hˈɑːspɚz
"
houghton,hˈɔːtən
hubbard,hˈʌbɚd
hudson,hˈʌdsən
hull,hˈʌl
humboldt,"hˈʌmbo͡ʊldt
"
humeston,hjˈuːmɛstən
huxley,"hˈʌksli
"
ida grove,"ˈa͡ɪdə ɡɹˈo͡ʊv
"
imogene,ˈɪməd͡ʒən
independence,"ˌɪndᵻpˈɛndəns
"
indianola,"ˌɪndi͡ənˈo͡ʊlə
"
inwood,"ɪnwˈʊd
"
ionia,a͡ɪˈɑːni͡ə
iowa city,"ˈa͡ɪəwə sˈɪɾi
"
iowa falls,"ˈa͡ɪəwə fˈɔːlz
"
ira,ˈi͡əɹə
ireton,"ˈa͡ɪ͡ɚtən
"
irwin,ˈɜːwɪn
jackson junction,"d͡ʒˈæksən d͡ʒˈʌŋkʃən
"
jamaica,d͡ʒɐmˈe͡ɪkə
janesville,"d͡ʒˈe͡ɪnzvɪl
"
jefferson,d͡ʒˈɛfɚsən
jesup,d͡ʒˈɛsʌp
jewell,d͡ʒˈuːəl
johnston,d͡ʒˈɑːnstən
joice,d͡ʒˈɔ͡ɪs
jolley,d͡ʒˈɑːli
kalona,"kælˈo͡ʊnə
"
kamrar,"kˈæmɹɑː͡ɹ
"
kanawha,"kˈænɔːhə
"
kellerton,"kˈɛlɚtən
"
kelley,kˈɛli
kellogg,kˈɛlɑːɡ
kensett,"kˈɛnsɪt
"
kent,kˈɛnt
keokuk,"kɪˈo͡ʊkʌk
"
keosauqua,"kɪˈɑːsɔːkwə
"
keota,"kɪˈo͡ʊɾə
"
kesley,kˈɛsli
keswick,"kˈɛsɪk
"
keystone,"kˈiːsto͡ʊn
"
killduff,"kˈɪldʌf
"
kimballton,"kˈɪmbɔːltən
"
kingsley,kˈɪŋsli
kinross,"kˈɪnɹɔs
"
kirkman,kˈɜːkmən
kirkville,"kˈɜːkvɪl
"
kiron,kˈa͡ɪ͡ɚn
klemme,klˈɛm
knierim,"nˈɪɹɪm
"
knoxville,"nˈɑːksvɪl
"
la motte,lˌæ mˈɑːt
la porte city,"lˌæ pˈoː͡ɹt sˈɪɾi
"
lacona,lækˈo͡ʊnə
ladora,"lˈædoːɹə
"
lake city,"lˈe͡ɪk sˈɪɾi
"
lake mills,"lˈe͡ɪk mˈɪlz
"
lake park,"lˈe͡ɪk pˈɑː͡ɹk
"
lake view,"lˈe͡ɪk vjˈuː
"
lakeside,"lˈe͡ɪksa͡ɪd
"
lakota,lækˈo͡ʊɾə
lamoni,"lˈæmˌɑːni
"
lamont,lˈæmɔnt
lamotte,lˈæmɑːt
lanesboro,"lˈe͡ɪnsbɚɹˌo͡ʊ
"
langworthy,lˈæŋwɜːði
lansing,lˈænsɪŋ
laporte city,"lˈæpoː͡ɹt sˈɪɾi
"
larchwood,"lˈɑː͡ɹt͡ʃwʊd
"
larrabee,"lˈæɹɐbˌiː
"
latimer,lˈæɾɪmɚ
laurel,lˈɔːɹə͡l
laurens,"lˈɔːɹənz
"
lawler,lˈɔːlɚ
lawton,lˈɔːtən
le mars,"lə mˈɑː͡ɹz
"
leclaire,lɛklˈɛ͡ɹ
ledyard,lˈɛdjɑː͡ɹd
legrand,lˈɛɡɹænd
lehigh,lˈɛha͡ɪ
leighton,lˈiːtən
leland,lˈɛlənd
lenox,lˈɛnɑːks
leon,lˈiːɑːn
lester,lˈɛstɚ
letts,lˈɛts
lewis,lˈuːɪs
liberty center,"lˈɪbɚɾi sˈɛntɚ
"
libertyville,"lˈɪbɚɾivˌɪl
"
lidderdale,"lˈɪdɚdˌe͡ɪl
"
lime springs,"lˈa͡ɪm spɹˈɪŋz
"
lincoln,lˈɪŋkən
linden,lˈɪndən
lineville,"lˈa͡ɪnvɪl
"
linn grove,"lˈɪn ɡɹˈo͡ʊv
"
lisbon,lˈɪsbən
liscomb,"lˈɪsko͡ʊm
"
little cedar,"lˈɪɾə͡l sˈiːdɚ
"
little rock,"lˈɪɾə͡l ɹˈɑːk
"
little sioux,"lˈɪɾə͡l sˈuː
"
littleport,"lˈɪɾə͡lpˌoː͡ɹt
"
livermore,lˈɪvɚmˌoː͡ɹ
lockridge,lˈɑːkɹɪd͡ʒ
logan,lˈo͡ʊɡən
lohrville,"lˈo͡ʊrvɪl
"
lone rock,"lˈo͡ʊn ɹˈɑːk
"
lone tree,"lˈo͡ʊn tɹˈiː
"
long grove,"lˈɔŋ ɡɹˈo͡ʊv
"
lorimor,lˈoːɹɪmɚ
lost nation,"lˈɔst nˈe͡ɪʃən
"
lovilia,"lʌvˈɪli͡ə
"
low moor,"lˈo͡ʊ mˈʊ͡ɹ
"
lowden,lˈo͡ʊdən
luana,luːˈɑːnə
lucas,lˈuːkəz
luther,lˈuːðɚ
luverne,lˈuːvɚn
luxemburg,"lˈʌksəmbˌɜːɡ
"
luzerne,lˈuːzɚn
lynnville,"lˈɪnvɪl
"
lytton,lˈɪʔn̩
macedonia,"mˌæsɪdˈo͡ʊni͡ə
"
macksburg,"mˈæksbɜːɡ
"
madrid,mədɹˈɪd
magnolia,mæɡnˈo͡ʊli͡ə
malcom,mˈælkɑːm
mallard,mˈælɑː͡ɹd
maloy,mˈælɔ͡ɪ
malvern,mˈɔːlvɚn
manchester,mˈænt͡ʃɛstɚ
manilla,"mænˈɪlə
"
manly,mˈænli
manning,mˈænɪŋ
manson,mˈænsən
mapleton,"mˈe͡ɪpə͡ltən
"
maquoketa,"mˈækwo͡ʊktə
"
marathon,"mˈæɹəθˌɑːn
"
marble rock,"mˈɑː͡ɹbə͡l ɹˈɑːk
"
marcus,mˈɑː͡ɹkəs
marengo,"mæɹˈɛŋɡo͡ʊ
"
marion,mˈæɹi͡ən
marne,mˈɑː͡ɹn
marquette,mɑː͡ɹkˈɛt
marshalltown,"mˈɑː͡ɹʃə͡ltˌa͡ʊn
"
martelle,"mɑː͡ɹtˈɛl
"
martensdale,"mˈɑː͡ɹtənsdˌe͡ɪl
"
martinsburg,"mˈɑː͡ɹtɪnzbˌɜːɡ
"
mason city,"mˈe͡ɪsən sˈɪɾi
"
masonville,"mˈe͡ɪsənvˌɪl
"
massena,"mæsˈiːnə
"
matlock,mˈætlɑːk
maurice,mˈɔːɹɪs
maxwell,mˈækswɛl
may city,"mˈe͡ɪ sˈɪɾi
"
maynard,mˈe͡ɪnɑː͡ɹd
maysville,"mˈe͡ɪzvɪl
"
mccallsburg,"məkˈɔːlsbɜːɡ
"
mccausland,məkˈɔːslənd
mcclelland,məkə͡llˈænd
mcgregor,məɡɹˈɛɡɚ
mcintire,mˈækɪntˌa͡ɪ͡ɚ
mechanicsville,"mᵻkˈænɪkzvˌɪl
"
mediapolis,"miːdˈiːəpəlˌɪs
"
melbourne,mˈɛlbɚn
melcher-dallas,"mˈɛlt͡ʃɚdˈæləs
"
melrose,mˈɛlɹo͡ʊz
melvin,mˈɛlvɪn
menlo,"mˈɛnlo͡ʊ
"
meriden,"mˈɛɹa͡ɪdən
"
merrill,mˈɛɹɪl
meservey,"mˈɛsɚvˌe͡ɪ
"
middle,mˈɪdə͡l
middle amana,"mˈɪdə͡l æmˈɑːnə
"
middletown,"mˈɪdə͡ltˌa͡ʊn
"
miles,mˈa͡ɪlz
milford,mˈɪlfɚd
millersburg,"mˈɪlɚzbˌɜːɡ
"
millerton,"mˈɪlɚtən
"
milo,mˈa͡ɪlo͡ʊ
milton,mˈɪltən
minburn,"mˈɪnbɜːn
"
minden,mˈa͡ɪndən
mineola,"mˌɪniːˈo͡ʊlə
"
mingo,mˈɪŋɡo͡ʊ
missouri valley,"mɪzˈʊ͡ɹɹi vˈæli
"
mitchell,mˈɪt͡ʃə͡l
mitchellville,"mˈɪt͡ʃə͡lvˌɪl
"
modale,"mˈo͡ʊde͡ɪl
"
mondamin,"mˈɔndɐmˌɪn
"
moneta,"mˈɑːnɪɾə
"
monmouth,"mˈɔnməθ
"
monona,"mˈɑːno͡ʊnə
"
monroe,mˈɔnɹo͡ʊ
montezuma,"mˌɔntɪzˈuːmə
"
monticello,"mɔntˈa͡ɪsə͡lˌo͡ʊ
"
montour,mˈɔntʊ͡ɹ
montpelier,"mˈɔntpɪliɚ
"
montrose,mˈɔntɹo͡ʊz
moorhead,mˈʊ͡ɹhɛd
moorland,"mˈʊ͡ɹlənd
"
moravia,"mɔːɹˈe͡ɪvi͡ə
"
morley,mˈɔː͡ɹli
morning sun,"mˈɔː͡ɹnɪŋ sˈʌn
"
morrison,mˈɔːɹɪsən
moscow,"mˈɑːsko͡ʊ
"
moulton,mˈo͡ʊltən
mount vernon,"mˈa͡ʊnt vˈɜːnən
"
moville,"mˈuːvɪl
"
mt auburn,"ˌɛmtˈiː ˈɔːbɜːn
"
mt ayr,"ˌɛmtˈiː ˈɛ͡ɹ
"
mt pleasant,"ˌɛmtˈiː plˈɛzənt
"
mt sterling,"ˌɛmtˈiː stˈɜːlɪŋ
"
mt union,"ˌɛmtˈiː jˈuːni͡ən
"
murray,mˈɜːɹe͡ɪ
muscatine,"mˈʌskɐtˌiːn
"
mystic,mˈɪstɪk
nashua,"nˈæʃjuːə
"
nemaha,"nɛmˈɑːhə
"
neola,nˈiːo͡ʊlə
nevada,nᵻvˈædə
new albin,"nˈuː ˈælbɪn
"
new hampton,"nˈuː hˈæmptən
"
new hartford,"nˈuː hˈɑː͡ɹtfɚd
"
new liberty,"nˈuː lˈɪbɚɾi
"
new london,"nˈuː lˈʌndən
"
new market,"nˈuː mˈɑː͡ɹkɪt
"
new providence,"nˈuː pɹˈɑːvɪdəns
"
new sharon,"nˈuː ʃˈæɹən
"
new vienna,"nˈuː vɪˈɛnə
"
new virginia,"nˈuː vɜːd͡ʒˈɪni͡ə
"
newell,nˈuːɛl
newhall,nˈuːhɔːl
newton,nˈuːtən
nichols,nˈɪkə͡lz
nodaway,"nˈɑːdəwˌe͡ɪ
"
nora springs,"nˈoːɹə spɹˈɪŋz
"
north buena vista,"nˈɔː͡ɹθ bjˈuːənə vˈɪstə
"
north english,"nˈɔː͡ɹθ ˈɪŋɡlɪʃ
"
north liberty,"nˈɔː͡ɹθ lˈɪbɚɾi
"
northboro,"nˈɔː͡ɹθbɚɹˌo͡ʊ
"
northwood,"nˈɔː͡ɹθwʊd
"
norwalk,"nˈoː͡ɹwɔːk
"
norway,"nˈoː͡ɹwe͡ɪ
"
numa,"nˈuːmə
"
oakland,ˈo͡ʊklənd
oakville,"ˈo͡ʊkvɪl
"
ocheyedan,"ˈɑːʃe͡ɪdən
"
odebolt,"ˈo͡ʊdɪbˌo͡ʊlt
"
oelwein,"ˈo͡ʊlwiːn
"
ogden,ˈɑːɡdən
okoboji,"ˌɑːkəbˈo͡ʊd͡ʒi
"
olds,ˈo͡ʊldz
olin,ˈɑːlɪn
ollie,ˈɑːli
onawa,"ɑːnˈɑːwə
"
onslow,"ˈɑːnslo͡ʊ
"
oran,ˈoːɹən
orange city,"ˈɔɹɪnd͡ʒ sˈɪɾi
"
orchard,ˈɔː͡ɹt͡ʃɚd
orient,"ˈoːɹi͡ənt
"
orleans,"ˈɔː͡ɹli͡ənz
"
osage,"ˈɑːsɪd͡ʒ
"
osceola,"ˌɑːsɪˈo͡ʊlə
"
oskaloosa,"ˈɑːskɐlˌuːsə
"
ossian,ˈɑːʃən
otho,ˈɑːθo͡ʊ
otley,"ˈɑːtli
"
oto,"ˈo͡ʊɾo͡ʊ
"
ottosen,"ˈɑːɾo͡ʊzən
"
ottumwa,"ˈɑːɾʌmwə
"
owasa,"o͡ʊˈɑːsə
"
oxford,ˈɑːksfɚd
oxford junction,"ˈɑːksfɚd d͡ʒˈʌŋkʃən
"
oyens,"ˈɔ͡ɪənz
"
pacific jct,"pɐsˈɪfɪk d͡ʒˌe͡ɪsˌiːtˈiː
"
pacific junction,"pɐsˈɪfɪk d͡ʒˈʌŋkʃən
"
packwood,"pˈækwʊd
"
palmer,pˈɑːmɚ
palo,"pˈɑːlo͡ʊ
"
panama,"pˈænəmˌɑː
"
panora,"pˈænoːɹə
"
parkersburg,"pˈɑː͡ɹkɚzbˌɜːɡ
"
parnell,pɑː͡ɹnˈɛl
paton,pˈætən
patterson,pˈæɾɚsən
paullina,pɔːlˈiːnə
pella,"pˈɛlə
"
peosta,"pɪˈɑːstə
"
percival,pˈɜːsɪvə͡l
perry,pˈɛɹi
persia,"pˈɜːʒə
"
peru,"pɚɹˈuː
"
peterson,pˈiːɾɚsən
pierson,pˈɪ͡ɹsən
pilot grove,"pˈa͡ɪlət ɡɹˈo͡ʊv
"
pilot mound,"pˈa͡ɪlət mˈa͡ʊnd
"
pisgah,"pˈɪsɡə
"
plainfield,"plˈe͡ɪnfiːld
"
plano,"plˈɑːno͡ʊ
"
pleasant hill,"plˈɛzənt hˈɪl
"
pleasant valley,"plˈɛzənt vˈæli
"
pleasantville,"plˈɛzəntvˌɪl
"
plover,"plˈʌvɚ
"
plymouth,"plˈɪməθ
"
pocahontas,"pˈɑːkɐhˌɔntəz
"
polk city,"pˈɑːlk sˈɪɾi
"
pomeroy,pˈɑːmɚɹˌɔ͡ɪ
popejoy,pˈo͡ʊpd͡ʒɔ͡ɪ
portsmouth,"pˈoː͡ɹtsməθ
"
postville,"pˈo͡ʊstvɪl
"
prairie city,"pɹˈɛɹi sˈɪɾi
"
prairieburg,"pɹˈɛɹibˌɜːɡ
"
prescott,pɹˈɛskɑːt
preston,pɹˈɛstən
primghar,"pɹˈɪmɡɑː͡ɹ
"
princeton,"pɹˈɪnstən
"
prole,"pɹˈo͡ʊl
"
promise city,"pɹˈɑːmɪs sˈɪɾi
"
protivin,"pɹˈɑːɾɪvˌɪn
"
pulaski,"pjʊlˈæski
"
quasqueton,"kwˈæskwɛtən
"
quimby,kwˈɪmbi
radcliffe,ɹˈædklɪf
rake,ɹˈe͡ɪk
ralston,ɹˈælstən
randalia,"ɹændˈe͡ɪli͡ə
"
randall,ɹˈændɔːl
randolph,ɹˈændɑːlf
rathbun,ɹˈæθbʌn
raymond,ɹˈe͡ɪmənd
readlyn,"ɹˈiːdlɪn
"
reasnor,"ɹˈiːsnɚ
"
red oak,"ɹˈɛd ˈo͡ʊk
"
redding,ɹˈɛdɪŋ
redfield,ɹˈɛdfiːld
reinbeck,"ɹˌiːˈɪnbɛk
"
rembrandt,"ɹᵻmbɹˈænt
"
remsen,"ɹᵻmsˈɛn
"
renwick,ɹˈɛnwɪk
rhodes,ɹˈo͡ʊdz
riceville,"ɹˈa͡ɪsvɪl
"
richland,"ɹˈɪt͡ʃlənd
"
ricketts,ɹˈɪkɪts
ridgeway,ɹˈɪd͡ʒwe͡ɪ
rinard,ɹˈɪnɑː͡ɹd
ringsted,"ɹˈɪŋstᵻd
"
rippey,ɹˈɪpi
riverdale,"ɹˈɪvɚdˌe͡ɪl
"
riverside,"ɹˈɪvɚsˌa͡ɪd
"
riverton,"ɹˈɪvɜːtən
"
robins,ɹˈɑːbɪnz
rock falls,"ɹˈɑːk fˈɔːlz
"
rock rapids,"ɹˈɑːk ɹˈæpɪdz
"
rock valley,"ɹˈɑːk vˈæli
"
rockford,ɹˈɑːkfɚd
rockwell,ɹˈɑːkwɛl
rockwell city,"ɹˈɑːkwɛl sˈɪɾi
"
rodney,ɹˈɑːdni
roland,ɹˈo͡ʊlənd
rolfe,ɹˈɑːlf
rome,ɹˈo͡ʊm
rose hill,"ɹˈo͡ʊz hˈɪl
"
rossie,"ɹˈɔsi
"
rowan,ɹˈo͡ʊən
rowley,ɹˈo͡ʊli
royal,ɹˈɔ͡ɪə͡l
rudd,ɹˈʌd
runnells,"ɹˈʌnə͡lz
"
russell,ɹˈʌsə͡l
ruthven,"ɹˈuːθvən
"
rutland,"ɹˈʌtlənd
"
ryan,ɹˈa͡ɪən
sabula,"sˈæbjʊlə
"
sac city,"sˈæk sˈɪɾi
"
salem,sˈe͡ɪləm
salix,"sˈælɪks
"
sanborn,sˈænbɔː͡ɹn
scarville,"skˈɑː͡ɹvɪl
"
schaller,ʃˈɔːlɚ
schleswig,"ʃlˈɛswɪɡ
"
scotch grove,"skˈɑːt͡ʃ ɡɹˈo͡ʊv
"
scranton,skɹˈæntən
searsboro,"sˈɪ͡ɹsbɚɹˌo͡ʊ
"
selma,sˈɛlmə
sergeant bluff,"sˈɑː͡ɹd͡ʒənt blˈʌf
"
seymour,sˈiːmoː͡ɹ
shambaugh,ʃˈæmbɔː
shannon city,"ʃˈænən sˈɪɾi
"
sharpsburg,"ʃˈɑː͡ɹpsbɜːɡ
"
sheffield,ʃˈɛfiːld
shelby,ʃˈɛlbi
sheldahl,ʃˈɛldɑːl
sheldon,ʃˈɛldən
shell rock,"ʃˈɛl ɹˈɑːk
"
shellsburg,"ʃˈɛlsbɜːɡ
"
shenandoah,ʃˈɛnɐndˌo͡ʊ
sherrill,ʃˈɛɹɪl
sibley,sˈɪbli
sidney,sˈɪdni
sigourney,sˈɪɡɜːni
silver city,"sˈɪlvɚ sˈɪɾi
"
sioux center,"sˈuː sˈɛntɚ
"
sioux city,"sˈuː sˈɪɾi
"
sioux rapids,"sˈuː ɹˈæpɪdz
"
slater,slˈe͡ɪɾɚ
sloan,slˈo͡ʊn
smithland,"smˈɪθlənd
"
soldier,"sˈo͡ʊld͡ʒɚ
"
solon,sˈɑːlɑːn
somers,sˈʌmɚz
south amana,"sˈa͡ʊθ æmˈɑːnə
"
south english,"sˈa͡ʊθ ˈɪŋɡlɪʃ
"
spencer,spˈɛnsɚ
sperry,spˈɛɹi
spillville,"spˈɪlvɪl
"
spirit lake,"spˈɪɹɪt lˈe͡ɪk
"
spragueville,"spɹˈe͡ɪɡvɪl
"
spring hill,"spɹˈɪŋ hˈɪl
"
springbrook,"spɹˈɪŋbɹʊk
"
springville,"spɹˈɪŋvɪl
"
st ansgar,"sənt ˈænsɡɚ
"
st anthony,"sənt ˈænθəni
"
st charles,"sənt t͡ʃˈɑː͡ɹlz
"
st donatus,"sənt do͡ʊnˈæɾəs
"
st lucas,"sənt lˈuːkəz
"
st marys,"sənt mˈɛɹiz
"
st olaf,"sənt ˈo͡ʊlæf
"
st paul,"sənt pˈɔːl
"
stacyville,"stˈe͡ɪsivˌɪl
"
stanhope,stˈænho͡ʊp
stanley,stˈænli
stanton,stˈæntən
stanwood,"stˈænwʊd
"
state center,"stˈe͡ɪt sˈɛntɚ
"
steamboat rock,"stˈiːmbo͡ʊt ɹˈɑːk
"
stockport,"stˈɑːkpoː͡ɹt
"
stockton,stˈɑːktən
storm lake,"stˈoː͡ɹm lˈe͡ɪk
"
story city,"stˈoːɹi sˈɪɾi
"
stout,stˈa͡ʊt
stratford,"stɹˈætfɚd
"
strawberry point,"stɹˈɔːbɛɹi pˈɔ͡ɪnt
"
struble,stɹˈʌbə͡l
stuart,stˈuːɚt
sully,"sˈʌli
"
sumner,sˈʌmnɚ
superior,"suːpˈi͡əɹɪɚ
"
sutherland,sˈʌðɜːlənd
swaledale,"swˈælɪdˌe͡ɪl
"
swan,swˈɑːn
swea city,"swˈiː sˈɪɾi
"
swedesburg,"swˈiːdzbɜːɡ
"
swisher,swˈɪʃɚ
tabor,tˈæbɚ
tama,tˈɑːmə
teeds grove,"tˈiːdz ɡɹˈo͡ʊv
"
templeton,tˈɛmpə͡ltən
tennant,tˈɛnənt
terril,tˈɛɹə͡l
thayer,θˈe͡ɪɚ
thompson,tˈɑːmpsən
thor,θˈoː͡ɹ
thornburg,θˈɔː͡ɹnbɜːɡ
thornton,θˈoː͡ɹntən
thurman,θˈɜːmən
tiffin,tˈɪfɪn
tingley,tˈɪŋɡli
tipton,tˈɪptən
titonka,"tˈɪtɔŋkə
"
toddville,"tˈɑːdvɪl
"
toeterville,"tˈo͡ʊɾɚvˌɪl
"
toledo,tɑːlˈiːdo͡ʊ
toronto,"tɚɹˈɑːnto͡ʊ
"
tracy,tɹˈe͡ɪsi
traer,"tɹˈɑː͡ɹ
"
treynor,tɹˈe͡ɪnɚ
tripoli,"tɹˈɪpəli
"
troy mills,"tɹˈɔ͡ɪ mˈɪlz
"
truesdale,tɹˈuːzde͡ɪl
truro,"tɹˈʊ͡ɹɹo͡ʊ
"
turin,"tjɚɹˈɪn
"
udell,jˈuːdɛl
underwood,ˌʌndɚwˈʊd
union,jˈuːni͡ən
unionville,"jˈuːni͡ənvˌɪl
"
university park,"jˌuːnɪvˈɜːsᵻɾi pˈɑː͡ɹk
"
urbana,"ɜːbˈɑːnə
"
urbandale,"ˈɜːbɐndˌe͡ɪl
"
ute,"jˈuːt
"
vail,vˈe͡ɪl
valley springs,"vˈæli spɹˈɪŋz
"
van horne,"vˈæn hˈoː͡ɹn
"
van meter,vˈæn mˈiːɾɚ
van wert,"vˈæn wˈɜːt
"
varina,"vɑː͡ɹɹˈiːnə
"
vedic city,"vˈɛdɪk sˈɪɾi
"
ventura,vɛntˈʊ͡ɹɹə
victor,vˈɪktɚ
villisca,"vˈɪlɪskə
"
vincent,vˈɪnsənt
vining,vˈa͡ɪnɪŋ
vinton,vˈɪntən
volga,"vˈɑːlɡə
"
voorhies,vˈoː͡ɹhiz
wadena,"wædˈiːnə
"
wahpeton,"wˈɑːpɛtən
"
walcott,wˈɔlkɑːt
walford,wˈælfɚd
walker,wˈɔːkɚ
wall lake,"wˈɔːl lˈe͡ɪk
"
wallingford,wˈɔlɪŋfɚd
walnut,"wˈɔːlnʌt
"
wapello,"wˈe͡ɪpə͡lˌo͡ʊ
"
washburn,wˈɑːʃbɜːn
washington,wˈɑːʃɪŋtən
washta,"wˈɑːʃtə
"
waterloo,"wˈɔːɾɚlˌuː
"
waterville,"wˈɔːɾɚvˌɪl
"
watkins,wˈɑːtkɪnz
waucoma,"wɔːkˈo͡ʊmə
"
waukee,"wˈɔːkiː
"
waukon,"wˈɔːkən
"
waverly,wˈe͡ɪvɚli
wayland,wˈe͡ɪlænd
webb,wˈɛb
webster,wˈɛbstɚ
webster city,"wˈɛbstɚ sˈɪɾi
"
weldon,wˈɛldən
wellman,wˈɛlmən
wellsburg,"wˈɛlsbɜːɡ
"
welton,wˈɛltən
wesley,wˈɛsli
west amana,"wˈɛst æmˈɑːnə
"
west bend,"wˈɛst bˈɛnd
"
west branch,"wˈɛst bɹˈænt͡ʃ
"
west burlington,"wˈɛst bˈɜːlɪŋtən
"
west chester,"wˈɛst t͡ʃˈɛstɚ
"
west des moines,"wˈɛst dəmˈɔ͡ɪn
"
west liberty,"wˈɛst lˈɪbɚɾi
"
west okoboji,"wˈɛst ˌɑːkəbˈo͡ʊd͡ʒi
"
west point,"wˈɛst pˈɔ͡ɪnt
"
west union,"wˈɛst jˈuːni͡ən
"
westfield,wˈɛstfiːld
westgate,wˈɛstɡe͡ɪt
westphalia,"wɛstfˈe͡ɪli͡ə
"
westside,"wˈɛstsa͡ɪd
"
wever,wˈɛvɚ
what cheer,"wˌʌt t͡ʃˈɪ͡ɹ
"
wheatland,"wˈiːtlənd
"
whiting,wˈa͡ɪɾɪŋ
whittemore,wˈɪɾɪmˌoː͡ɹ
whitten,wˈɪʔn̩
williams,wˈɪljəmz
williamsburg,"wˈɪljəmsbˌɜːɡ
"
williamson,wˈɪljəmsən
wilton,wˈɪltən
windsor heights,"wˈɪndsɚ hˈa͡ɪts
"
winfield,wˈɪnfiːld
winterset,"wˈɪntɚsˌɛt
"
winthrop,wˈɪnθɹɑːp
wiota,"wɪˈo͡ʊɾə
"
woden,"wˈo͡ʊdən
"
woodbine,"wˈʊdba͡ɪn
"
woodburn,wˈʊdbɜːn
woodward,wˈʊdwɚd
woolstock,"wˈʊlstɑːk
"
worthington,wˈɜːðɪŋtən
wyoming,"wa͡ɪˈo͡ʊmɪŋ
"
yale,jˈe͡ɪl
yarmouth,"jˈɑː͡ɹməθ
"
yetter,jˈɛɾɚ
yorktown,"jˈɔː͡ɹkta͡ʊn
"
zearing,"zˈɪɹɪŋ
"
zwingle,"zwˈɪŋɡə͡l
"
